{"HeadYaw": 0.02031917900902186, "HeadPitch": 0.2454256775180378, "LShoulderPitch": 1.100216276716406, "LShoulderRoll": 0.11677593856406704, "LElbowYaw": -0.5449033437359528, "LElbowRoll": -0.671542506936271, "LHipYawPitch": -0.25259097485858106, "LHipRoll": 0.160006651226636, "LHipPitch": -0.2837438174209665, "LKneePitch": 0.9866776955936514, "LAnklePitch": -0.7002367223862034, "LAnkleRoll": -0.0730915621525802, "RShoulderPitch": 1.1109448128257802, "RShoulderRoll": -0.043239992408545674, "RElbowYaw": 0.46179245469653657, "RElbowRoll": 0.3162126182414691, "RHipYawPitch": -0.25259097485858106, "RHipRoll": 0.06945439485108093, "RHipPitch": -0.34479057013188696, "RKneePitch": 1.195972468063052, "RAnklePitch": -0.72571926658292, "RAnkleRoll": -0.0540430074373878, "LWristYaw": -0.7777899632047279, "LHand": 0.005705936397544623, "RWristYaw": 1.0877785272203189, "RHand": 0.0052999658142645414}