{"HeadYaw": 0.027903953113965527, "HeadPitch": -0.07103179196763246, "LShoulderPitch": 2.0601492075125516, "LShoulderRoll": 0.3331034973726317, "LElbowYaw": 0.10039715105625117, "LElbowRoll": -1.9145832671728067, "LHipYawPitch": 0.006080884544579779, "LHipRoll": 0.05867865134472876, "LHipPitch": 0.3873062277439381, "LKneePitch": 2.030008626850625, "LAnklePitch": -0.47579295502360885, "LAnkleRoll": -0.033572408890919954, "RShoulderPitch": 2.013698769445049, "RShoulderRoll": -0.333678798405769, "RElbowYaw": -0.15438303842897544, "RElbowRoll": 1.9204336968811213, "RHipYawPitch": 0.006080884544579779, "RHipRoll": -0.022039646995962517, "RHipPitch": 0.29237510633278996, "RKneePitch": 2.0360633543021227, "RAnklePitch": -0.3920718873229445, "RAnkleRoll": -0.04266217943311471, "LWristYaw": -1.8514380295239516, "LHand": 0.0018016130892773256, "RWristYaw": 1.7398631735282362, "RHand": 5.071578029226321e-05}