{"HeadYaw": {"keys": [[-0.02299603356696201, [0, 1, 2], [0, 1, 2]], [1.7278643596177652e-15, [0, 1, 2], [0, 1, 2]], [0.02495374902935369, [0, 1, 2], [0, 1, 2]], [0.026086740791534342, [0, 1, 2], [0, 1, 2]]], "times": [0.0, 1.0, 2.0, 3.0]}, "HeadPitch": {"keys": [[0.4396356532940046, [0, 1, 2], [0, 1, 2]], [1.693904348669157e-14, [0, 1, 2], [0, 1, 2]], [-0.16393151620392749, [0, 1, 2], [0, 1, 2]], [0.30899692261632833, [0, 1, 2], [0, 1, 2]]], "times": [0.0, 1.0, 2.0, 3.0]}, "LShoulderPitch": {"keys": [[0.7889614432910427, [0, 1, 2], [0, 1, 2]], [2.0856699999999972, [0, 1, 2], [0, 1, 2]], [2.0634564696752133, [0, 1, 2], [0, 1, 2]], [2.0801540461125745, [0, 1, 2], [0, 1, 2]]], "times": [0.0, 1.0, 2.0, 3.0]}, "LShoulderRoll": {"keys": [[0.42682916916825125, [0, 1, 2], [0, 1, 2]], [0.3665199999999906, [0, 1, 2], [0, 1, 2]], [0.33122206224225087, [0, 1, 2], [0, 1, 2]], [0.09110078065108536, [0, 1, 2], [0, 1, 2]]], "times": [0.0, 1.0, 2.0, 3.0]}, "LElbowYaw": {"keys": [[-0.019981837897021064, [0, 1, 2], [0, 1, 2]], [0.15708000000000824, [0, 1, 2], [0, 1, 2]], [0.1010571118457613, [0, 1, 2], [0, 1, 2]], [0.19868224042197136, [0, 1, 2], [0, 1, 2]]], "times": [0.0, 1.0, 2.0, 3.0]}, "LElbowRoll": {"keys": [[-0.7871626403399905, [0, 1, 2], [0, 1, 2]], [-0.03491000000003651, [0, 1, 2], [0, 1, 2]], [-1.8890509349420368, [0, 1, 2], [0, 1, 2]], [-0.14072406466592363, [0, 1, 2], [0, 1, 2]]], "times": [0.0, 1.0, 2.0, 3.0]}, "LHipYawPitch": {"keys": [[-0.39389353694704216, [0, 1, 2], [0, 1, 2]], [7.660574910175037e-15, [0, 1, 2], [0, 1, 2]], [0.011258730518377925, [0, 1, 2], [0, 1, 2]], [-0.7529409567506554, [0, 1, 2], [0, 1, 2]]], "times": [0.0, 1.0, 2.0, 3.0]}, "LHipRoll": {"keys": [[0.15992976456668478, [0, 1, 2], [0, 1, 2]], [7.24322326345479e-16, [0, 1, 2], [0, 1, 2]], [0.0574827101365083, [0, 1, 2], [0, 1, 2]], [0.3996890840255579, [0, 1, 2], [0, 1, 2]]], "times": [0.0, 1.0, 2.0, 3.0]}, "LHipPitch": {"keys": [[-0.7405987084564378, [0, 1, 2], [0, 1, 2]], [-0.17452999999999358, [0, 1, 2], [0, 1, 2]], [0.34741706112535187, [0, 1, 2], [0, 1, 2]], [-1.52553501318919, [0, 1, 2], [0, 1, 2]]], "times": [0.0, 1.0, 2.0, 3.0]}, "LKneePitch": {"keys": [[1.9657403141200553, [0, 1, 2], [0, 1, 2]], [1.6755200000000305, [0, 1, 2], [0, 1, 2]], [2.0015137328014725, [0, 1, 2], [0, 1, 2]], [1.4834404230665634, [0, 1, 2], [0, 1, 2]]], "times": [0.0, 1.0, 2.0, 3.0]}, "LAnklePitch": {"keys": [[-1.1342653814385848, [0, 1, 2], [0, 1, 2]], [0.24434999999997128, [0, 1, 2], [0, 1, 2]], [-0.4107704019549326, [0, 1, 2], [0, 1, 2]], [0.7179399685104082, [0, 1, 2], [0, 1, 2]]], "times": [0.0, 1.0, 2.0, 3.0]}, "LAnkleRoll": {"keys": [[0.05311174330350249, [0, 1, 2], [0, 1, 2]], [-3.9981001434678844e-16, [0, 1, 2], [0, 1, 2]], [-0.03388210497518755, [0, 1, 2], [0, 1, 2]], [-0.010628322496471089, [0, 1, 2], [0, 1, 2]]], "times": [0.0, 1.0, 2.0, 3.0]}, "RShoulderPitch": {"keys": [[0.9423117841559623, [0, 1, 2], [0, 1, 2]], [2.0856699999999937, [0, 1, 2], [0, 1, 2]], [2.0233987103865116, [0, 1, 2], [0, 1, 2]], [2.085456876865275, [0, 1, 2], [0, 1, 2]]], "times": [0.0, 1.0, 2.0, 3.0]}, "RShoulderRoll": {"keys": [[-0.5269054371167872, [0, 1, 2], [0, 1, 2]], [-0.3665199999999891, [0, 1, 2], [0, 1, 2]], [-0.3314650978337488, [0, 1, 2], [0, 1, 2]], [-0.0795002189332353, [0, 1, 2], [0, 1, 2]]], "times": [0.0, 1.0, 2.0, 3.0]}, "RElbowYaw": {"keys": [[0.059320784343280114, [0, 1, 2], [0, 1, 2]], [-0.15708000000001338, [0, 1, 2], [0, 1, 2]], [-0.1446852687024781, [0, 1, 2], [0, 1, 2]], [-0.0885697680904737, [0, 1, 2], [0, 1, 2]]], "times": [0.0, 1.0, 2.0, 3.0]}, "RElbowRoll": {"keys": [[0.5308409254280515, [0, 1, 2], [0, 1, 2]], [0.034910000000034386, [0, 1, 2], [0, 1, 2]], [1.894507726342805, [0, 1, 2], [0, 1, 2]], [0.15104636869495322, [0, 1, 2], [0, 1, 2]]], "times": [0.0, 1.0, 2.0, 3.0]}, "RHipYawPitch": {"keys": [[-0.39389353694704216, [0, 1, 2], [0, 1, 2]], [7.660574910175037e-15, [0, 1, 2], [0, 1, 2]], [0.011258730518377925, [0, 1, 2], [0, 1, 2]], [-0.7529409567506554, [0, 1, 2], [0, 1, 2]]], "times": [0.0, 1.0, 2.0, 3.0]}, "RHipRoll": {"keys": [[0.043820579356726855, [0, 1, 2], [0, 1, 2]], [2.4330090792337295e-15, [0, 1, 2], [0, 1, 2]], [-0.02458412655597357, [0, 1, 2], [0, 1, 2]], [-0.3842594244249283, [0, 1, 2], [0, 1, 2]]], "times": [0.0, 1.0, 2.0, 3.0]}, "RHipPitch": {"keys": [[-0.835387125623805, [0, 1, 2], [0, 1, 2]], [-0.1745299999999946, [0, 1, 2], [0, 1, 2]], [0.2610291580115811, [0, 1, 2], [0, 1, 2]], [-1.502398916247729, [0, 1, 2], [0, 1, 2]]], "times": [0.0, 1.0, 2.0, 3.0]}, "RKneePitch": {"keys": [[1.9194215903801581, [0, 1, 2], [0, 1, 2]], [1.6755200000000283, [0, 1, 2], [0, 1, 2]], [2.007897624225833, [0, 1, 2], [0, 1, 2]], [1.530021178278939, [0, 1, 2], [0, 1, 2]]], "times": [0.0, 1.0, 2.0, 3.0]}, "RAnklePitch": {"keys": [[-0.8457286487742202, [0, 1, 2], [0, 1, 2]], [0.24434999999998078, [0, 1, 2], [0, 1, 2]], [-0.3382490223028215, [0, 1, 2], [0, 1, 2]], [0.6789031047105076, [0, 1, 2], [0, 1, 2]]], "times": [0.0, 1.0, 2.0, 3.0]}, "RAnkleRoll": {"keys": [[0.12333791142338132, [0, 1, 2], [0, 1, 2]], [-4.3502707661719115e-15, [0, 1, 2], [0, 1, 2]], [-0.03440786732007482, [0, 1, 2], [0, 1, 2]], [0.03160156390080904, [0, 1, 2], [0, 1, 2]]], "times": [0.0, 1.0, 2.0, 3.0]}, "LWristYaw": {"keys": [[-0.7690090902203246, [0, 1, 2], [0, 1, 2]], [-1.4026958045285047, [0, 1, 2], [0, 1, 2]], [-1.843552231900896, [0, 1, 2], [0, 1, 2]], [-1.1375358556361463, [0, 1, 2], [0, 1, 2]]], "times": [0.0, 1.0, 2.0, 3.0]}, "LHand": {"keys": [[0.005007998537216196, [0, 1, 2], [0, 1, 2]], [0.0005741449743826447, [0, 1, 2], [0, 1, 2]], [0.001825435238849799, [0, 1, 2], [0, 1, 2]], [0.0020016839518261793, [0, 1, 2], [0, 1, 2]]], "times": [0.0, 1.0, 2.0, 3.0]}, "RWristYaw": {"keys": [[1.0832822030272873, [0, 1, 2], [0, 1, 2]], [1.5356141873927793, [0, 1, 2], [0, 1, 2]], [1.7340260217680894, [0, 1, 2], [0, 1, 2]], [1.3136751205714186, [0, 1, 2], [0, 1, 2]]], "times": [0.0, 1.0, 2.0, 3.0]}, "RHand": {"keys": [[0.004905470821878293, [0, 1, 2], [0, 1, 2]], [2.141802184697979e-17, [0, 1, 2], [0, 1, 2]], [1.6197897867229833e-05, [0, 1, 2], [0, 1, 2]], [0.0007135107189285344, [0, 1, 2], [0, 1, 2]]], "times": [0.0, 1.0, 2.0, 3.0]}}